Summary	Issue key	Issue id	Issue Type	Status	Project key	Project name	Project type	Project lead	Project lead id	Project description	Priority	Resolution	Assignee	Assignee Id	Reporter	Reporter Id	Creator	Creator Id	Created	Updated	Last Viewed	Resolved	Due date	Votes	Description	Environment	Watchers	Watchers	Watchers	Watchers Id	Watchers Id	Watchers Id	Original estimate	Remaining Estimate	Time Spent	Work Ratio	Σ Original Estimate	Σ Remaining Estimate	Σ Time Spent	Security Level	Inward issue link (Blocks)	Outward issue link (Blocks)	Inward issue link (Polaris issue link)	Outward issue link (Polaris issue link)	Outward issue link (Polaris issue link)	Outward issue link (Polaris issue link)	Outward issue link (Polaris issue link)	Outward issue link (Relates)	Attachment	Attachment	Attachment	Custom field (Actual end)	Custom field (Actual start)	Custom field (Change reason)	Custom field (Change risk)	Custom field (Change type)	Custom field (Development)	Custom field (Epic Color)	Custom field (Epic Name)	Custom field (Epic Status)	Custom field (Goals)	Custom field (Impact)	Custom field (Issue color)	Custom field (Locked forms)	Custom field (Open forms)	Custom field (Project overview key)	Custom field (Project overview status)	Custom field (Rank)	Custom field (Request Type)	Custom field (Sentiment)	Sprint	Custom field (Start date)	Custom field (Story Points)	Custom field (Story point estimate)	Custom field (Submitted forms)	Custom field (Target end)	Custom field (Target start)	Custom field (Team)	Custom field (Total forms)	Custom field (Vulnerability)	Custom field ([CHART] Date of First Response)	Custom field ([CHART] Time in Status)	Comment	Comment	Comment	Comment	Comment	Comment	Comment	Comment	Comment	Comment	Parent	Parent summary	Status Category	Status Category Changed
Create a popup dialog for the store id to capture at first time installation	SCRUM-92	10308	Story	Done	SCRUM	My Scrum Project	software	Pinaka Pos	712020:5baa67ab-2f39-469a-8a50-a6769738f474		Medium	Done	Ranjeet Chirutkar	557058:5d279c32-8b06-4d12-a396-a9e2aba109aa	Ranjeet Chirutkar	557058:5d279c32-8b06-4d12-a396-a9e2aba109aa	Ranjeet Chirutkar	557058:5d279c32-8b06-4d12-a396-a9e2aba109aa	18-03-2025 17:47	04-04-2025 16:25	09-04-2025 15:30	04-04-2025 13:25		0			Ranjeet Chirutkar			557058:5d279c32-8b06-4d12-a396-a9e2aba109aa																			04/Apr/25 4:25 PM;7d6b2273-55ac-47ee-8444-6ad81d894be4;1000054120.png;https://pinakapos.atlassian.net/rest/api/3/attachment/content/10175														purple					0|i000fy:			Pinaka Sprint 4											10000_*:*_1_*:*_585089839_*|*_10001_*:*_1_*:*_0	"04/Apr/25 4:25 PM;557058:5d279c32-8b06-4d12-a396-a9e2aba109aa;[^1000054120.png]

Screenshot for store id screen "										10001	UI Development	Done	04-04-2025 13:25
FastKey API Integration	SCRUM-88	10279	Story	Done	SCRUM	My Scrum Project	software	Pinaka Pos	712020:5baa67ab-2f39-469a-8a50-a6769738f474		Medium	Done	Ranjeet Chirutkar	557058:5d279c32-8b06-4d12-a396-a9e2aba109aa	Ranjeet Chirutkar	557058:5d279c32-8b06-4d12-a396-a9e2aba109aa	Ranjeet Chirutkar	557058:5d279c32-8b06-4d12-a396-a9e2aba109aa	18-03-2025 12:11	04-04-2025 13:24	09-04-2025 15:28	04-04-2025 13:24		0	Save and Retrieve Fast key tabs data to backend created by user from flutter app 		Ranjeet Chirutkar			557058:5d279c32-8b06-4d12-a396-a9e2aba109aa																																	purple					0|i000dx:			Pinaka Sprint 4											10000_*:*_1_*:*_1473127055_*|*_10001_*:*_1_*:*_0											10002	Service integration	Done	04-04-2025 13:24
Product API integration	SCRUM-87	10278	Story	Done	SCRUM	My Scrum Project	software	Pinaka Pos	712020:5baa67ab-2f39-469a-8a50-a6769738f474		Medium	Done	Ranjeet Chirutkar	557058:5d279c32-8b06-4d12-a396-a9e2aba109aa	Ranjeet Chirutkar	557058:5d279c32-8b06-4d12-a396-a9e2aba109aa	Ranjeet Chirutkar	557058:5d279c32-8b06-4d12-a396-a9e2aba109aa	18-03-2025 12:10	04-04-2025 13:24	09-04-2025 15:12	04-04-2025 13:24		0	"

Searching product API



Search a product → search for the variants data → select a item"		Ranjeet Chirutkar			557058:5d279c32-8b06-4d12-a396-a9e2aba109aa											SCRUM-80																						purple					0|i000fv:			Pinaka Sprint 4											10000_*:*_1_*:*_603455778_*|*_10001_*:*_1_*:*_0	"25/Mar/25 12:22 PM;557058:5d279c32-8b06-4d12-a396-a9e2aba109aa;Starting integration today 

[~accountid:60bddaed624d7000692f9f97]  shared product/search API

product/page=1&limit=10 : to load all product in page 1 with limit 10"										10002	Service integration	Done	04-04-2025 13:24
Authentication API changes	SCRUM-85	10276	Story	Done	SCRUM	My Scrum Project	software	Pinaka Pos	712020:5baa67ab-2f39-469a-8a50-a6769738f474		Medium	Done	Kumaraswamy D	60bddaed624d7000692f9f97	Ranjeet Chirutkar	557058:5d279c32-8b06-4d12-a396-a9e2aba109aa	Ranjeet Chirutkar	557058:5d279c32-8b06-4d12-a396-a9e2aba109aa	18-03-2025 10:35	08-04-2025 16:57	09-04-2025 15:01	08-04-2025 16:57		0	"the emp/app user will login using pin(6digit), pre-generated by backend admin.

Q. How to proceed with this approach? [~accountid:5b4351534649a35be6ef91a6]

A. Admin will register the user in backend.

*Store id* - can be used as register with store , provide this store id at the time of first installation. Create a splash popup initially before login screen in flutter app.

*Device id -* Unique to the device

*ARN id -* generated after registration or first login

*PIN -* login pin

 

in Response:

Session Id

Access Token, Refresh token



refer to [https://pinakapos.atlassian.net/browse/SCRUM-68|https://pinakapos.atlassian.net/browse/SCRUM-68|smart-link]"		Ranjeet Chirutkar			557058:5d279c32-8b06-4d12-a396-a9e2aba109aa												SCRUM-74																					purple					0|i000fx:			Pinaka Sprint 4											10000_*:*_1_*:*_609144737_*|*_10001_*:*_1_*:*_0	"25/Mar/25 12:00 PM;557058:5d279c32-8b06-4d12-a396-a9e2aba109aa;Added update in Jira task [https://pinakapos.atlassian.net/browse/SCRUM-74|https://pinakapos.atlassian.net/browse/SCRUM-74|smart-link]

by [~accountid:60bddaed624d7000692f9f97] "	"25/Mar/25 12:18 PM;557058:5d279c32-8b06-4d12-a396-a9e2aba109aa;[~accountid:60bddaed624d7000692f9f97] please update the role param like admin, employee …"	"08/Apr/25 2:34 PM;557058:5d279c32-8b06-4d12-a396-a9e2aba109aa;Change in request for Auth

# Pass store token to the authorise request
# Please add device id, client id, store id
# In response if subscription is not valid send an error
# If store id is not valid with device id, send and error
# send subscription end date in response
# Do we need role for the current user as response based on [https://pinakapos.atlassian.net/browse/SCRUM-84|https://pinakapos.atlassian.net/browse/SCRUM-84|smart-link]

Need to work on these task in new sprint 5 [~accountid:5b4351534649a35be6ef91a6] "								10143	API Development	Done	08-04-2025 16:57
Categories API	SCRUM-83	10245	Task	In Progress	SCRUM	My Scrum Project	software	Pinaka Pos	712020:5baa67ab-2f39-469a-8a50-a6769738f474		Medium		Kumaraswamy D	60bddaed624d7000692f9f97	Ranjeet Chirutkar	557058:5d279c32-8b06-4d12-a396-a9e2aba109aa	Ranjeet Chirutkar	557058:5d279c32-8b06-4d12-a396-a9e2aba109aa	13-03-2025 17:20	09-04-2025 14:09				0	"[~accountid:60bddaed624d7000692f9f97] please update the use case of this API



Get list of all categories

get list by category id

get list by category sub id"		Kumaraswamy D	Ranjeet Chirutkar		60bddaed624d7000692f9f97	557058:5d279c32-8b06-4d12-a396-a9e2aba109aa												SCRUM-70						26/Mar/25 12:26 PM;7d6b2273-55ac-47ee-8444-6ad81d894be4;image-20250326-065656.png;https://pinakapos.atlassian.net/rest/api/3/attachment/content/10141																			0|i000gf:			Pinaka Sprint 4										36:21.2		"24/Mar/25 9:06 PM;60bddaed624d7000692f9f97;[~accountid:557058:5d279c32-8b06-4d12-a396-a9e2aba109aa], Below API for getting all Categories

curl --location '[https://pinakapos.techkumard.com/wp-json/pinaka-pos/v1/categories'|https://pinakapos.techkumard.com/wp-json/pinaka-pos/v1/categories'] \
--header 'Authorization: Bearer eyJ0eXAiOiJKV1QiLCJhbGciOiJIUzI1NiJ9.eyJpc3MiOiJodHRwczpcL1wvcGluYWthcG9zLnRlY2hrdW1hcmQuY29tIiwiaWF0IjoxNzQyODI5NTcyLCJuYmYiOjE3NDI4Mjk1NzIsImV4cCI6MTc0NTQyMTU3MiwiZGF0YSI6eyJ1c2VyIjp7ImlkIjoyLCJkZXZpY2UiOiIiLCJwYXNzIjoiYmQ0MGE2OTJkZWY4OTc2YmIxZjdmNzZhOTYzMTRlMDUifX19.a9OtPQWUfHee5EJPCEq9FbHkK4req2q2lqOGHtFo1DE'

Response: 


{noformat}[
    {
        ""id"": 20,
        ""name"": ""Accessories"",
        ""slug"": ""accessories"",
        ""parent"": 17,
        ""description"": """",
        ""count"": 3,
        ""image"": null
    },
    {
        ""id"": 17,
        ""name"": ""Clothing"",
        ""slug"": ""clothing"",
        ""parent"": 0,
        ""description"": """",
        ""count"": 9,
        ""image"": null
    },
    {
        ""id"": 21,
        ""name"": ""Jackets"",
        ""slug"": ""jackets"",
        ""parent"": 17,
        ""description"": """",
        ""count"": 1,
        ""image"": null
    },
    {
        ""id"": 19,
        ""name"": ""Shirts"",
        ""slug"": ""shirts"",
        ""parent"": 17,
        ""description"": """",
        ""count"": 4,
        ""image"": null
    },
    {
        ""id"": 18,
        ""name"": ""Sweater"",
        ""slug"": ""sweater"",
        ""parent"": 17,
        ""description"": """",
        ""count"": 1,
        ""image"": null
    },
    {
        ""id"": 16,
        ""name"": ""Uncategorized"",
        ""slug"": ""uncategorized"",
        ""parent"": 0,
        ""description"": """",
        ""count"": 0,
        ""image"": null
    }
]{noformat}"	"24/Mar/25 9:32 PM;60bddaed624d7000692f9f97;Get products by category ID API.


curl --location '[https://pinakapos.techkumard.com/wp-json/pinaka-pos/v1/products-by-category/17'|https://pinakapos.techkumard.com/wp-json/pinaka-pos/v1/products-by-category/17'] \
--header 'Authorization: Bearer eyJ0eXAiOiJKV1QiLCJhbGciOiJIUzI1NiJ9.eyJpc3MiOiJodHRwczpcL1wvcGluYWthcG9zLnRlY2hrdW1hcmQuY29tIiwiaWF0IjoxNzQyODI5NTcyLCJuYmYiOjE3NDI4Mjk1NzIsImV4cCI6MTc0NTQyMTU3MiwiZGF0YSI6eyJ1c2VyIjp7ImlkIjoyLCJkZXZpY2UiOiIiLCJwYXNzIjoiYmQ0MGE2OTJkZWY4OTc2YmIxZjdmNzZhOTYzMTRlMDUifX19.a9OtPQWUfHee5EJPCEq9FbHkK4req2q2lqOGHtFo1DE'

Response:

{noformat}[
    {
        ""id"": 32,
        ""name"": ""Hat"",
        ""slug"": ""hat"",
        ""date_created"": ""2025-03-20T11:54:11"",
        ""date_modified"": ""2025-03-20T11:54:11"",
        ""status"": ""publish"",
        ""description"": ""<p>Pellentesque habitant morbi tristique senectus et netus et malesuada fames ac turpis egestas. Vestibulum tortor quam, feugiat vitae, ultricies eget, tempor sit amet, ante. Donec eu libero sit amet quam egestas semper. Aenean ultricies mi vitae est. Mauris placerat eleifend leo.</p>\n<p>Photography by @cottonbro.</p>\n"",
        ""short_description"": ""<p>This is a simple product.</p>\n"",
        ""sku"": ""woo-fashion-hat"",
        ""price"": ""12"",
        ""regular_price"": ""12"",
        ""sale_price"": """",
        ""date_on_sale_from"": null,
        ""date_on_sale_to"": null,
        ""on_sale"": false,
        ""purchasable"": true,
        ""stock_quantity"": null,
        ""stock_status"": ""instock"",
        ""backorders"": ""no"",
        ""backorders_allowed"": false,
        ""low_stock_amount"": """",
        ""weight"": """",
        ""dimensions"": {
            ""length"": """",
            ""width"": """",
            ""height"": """"
        },
        ""categories"": [
            ""Accessories""
        ],
        ""tags"": [],
        ""images"": [
            ""https://pinakapos.techkumard.com/wp-content/uploads/2025/03/167113811-0be977aa-edfe-4a09-b36d-a62f02de4a29.jpeg""
        ],
        ""attributes"": [],
        ""meta_data"": [
            {
                ""id"": 215,
                ""key"": ""_wpcom_is_markdown"",
                ""value"": ""1""
            }
        ],
        ""permalink"": ""https://pinakapos.techkumard.com/product/hat/""
    },
    {
        ""id"": 28,
        ""name"": ""Jacket"",
        ""slug"": ""jacket"",
        ""date_created"": ""2025-03-20T11:54:10"",
        ""date_modified"": ""2025-03-20T11:54:10"",
        ""status"": ""publish"",
        ""description"": ""<p>Pellentesque habitant morbi tristique senectus et netus et malesuada fames ac turpis egestas. Vestibulum tortor quam, feugiat vitae, ultricies eget, tempor sit amet, ante. Donec eu libero sit amet quam egestas semper. Aenean ultricies mi vitae est. Mauris placerat eleifend leo.</p>\n<p>Photography by @cottonbro.</p>\n"",
        ""short_description"": ""<p>This is a simple product.</p>\n"",
        ""sku"": ""woo-fashion-jacket"",
        ""price"": ""25"",
        ""regular_price"": ""25"",
        ""sale_price"": """",
        ""date_on_sale_from"": null,
        ""date_on_sale_to"": null,
        ""on_sale"": false,
        ""purchasable"": true,
        ""stock_quantity"": null,
        ""stock_status"": ""instock"",
        ""backorders"": ""no"",
        ""backorders_allowed"": false,
        ""low_stock_amount"": """",
        ""weight"": """",
        ""dimensions"": {
            ""length"": """",
            ""width"": """",
            ""height"": """"
        },
        ""categories"": [
            ""Jackets""
        ],
        ""tags"": [],
        ""images"": [
            ""https://pinakapos.techkumard.com/wp-content/uploads/2025/03/167113817-0fd3751e-b81b-4def-be53-040d8fa049f2.jpeg""
        ],
        ""attributes"": [],
        ""meta_data"": [
            {
                ""id"": 168,
                ""key"": ""_wpcom_is_markdown"",
                ""value"": ""1""
            }
        ],
        ""permalink"": ""https://pinakapos.techkumard.com/product/jacket/""
    },
    {
        ""id"": 30,
        ""name"": ""Shirt - Green"",
        ""slug"": ""shirt-green"",
        ""date_created"": ""2025-03-20T11:54:10"",
        ""date_modified"": ""2025-03-20T11:54:10"",
        ""status"": ""publish"",
        ""description"": ""<p>Pellentesque habitant morbi tristique senectus et netus et malesuada fames ac turpis egestas. Vestibulum tortor quam, feugiat vitae, ultricies eget, tempor sit amet, ante. Donec eu libero sit amet quam egestas semper. Aenean ultricies mi vitae est. Mauris placerat eleifend leo.</p>\n<p>Photography by @cottonbro.</p>\n"",
        ""short_description"": ""<p>This is a simple product.</p>\n"",
        ""sku"": ""woo-fashion-shirt-green"",
        ""price"": ""20"",
        ""regular_price"": ""25"",
        ""sale_price"": ""20"",
        ""date_on_sale_from"": null,
        ""date_on_sale_to"": null,
        ""on_sale"": true,
        ""purchasable"": true,
        ""stock_quantity"": null,
        ""stock_status"": ""instock"",
        ""backorders"": ""no"",
        ""backorders_allowed"": false,
        ""low_stock_amount"": """",
        ""weight"": """",
        ""dimensions"": {
            ""length"": """",
            ""width"": """",
            ""height"": """"
        },
        ""categories"": [
            ""Shirts""
        ],
        ""tags"": [],
        ""images"": [
            ""https://pinakapos.techkumard.com/wp-content/uploads/2025/03/167113801-fd8243b7-8465-4f82-86c1-2c54797fe296.jpeg""
        ],
        ""attributes"": [],
        ""meta_data"": [
            {
                ""id"": 192,
                ""key"": ""_wpcom_is_markdown"",
                ""value"": ""1""
            }
        ],
        ""permalink"": ""https://pinakapos.techkumard.com/product/shirt-green/""
    },
    {
        ""id"": 24,
        ""name"": ""Shoes"",
        ""slug"": ""shoes"",
        ""date_created"": ""2025-03-20T11:54:09"",
        ""date_modified"": ""2025-03-20T11:54:09"",
        ""status"": ""publish"",
        ""description"": ""<p>Pellentesque habitant morbi tristique senectus et netus et malesuada fames ac turpis egestas. Vestibulum tortor quam, feugiat vitae, ultricies eget, tempor sit amet, ante. Donec eu libero sit amet quam egestas semper. Aenean ultricies mi vitae est. Mauris placerat eleifend leo.</p>\n<p>Photography by @cottonbro.</p>\n"",
        ""short_description"": ""<p>This is a simple product.</p>\n"",
        ""sku"": ""woo-fashion-shoes"",
        ""price"": ""18"",
        ""regular_price"": ""18"",
        ""sale_price"": """",
        ""date_on_sale_from"": null,
        ""date_on_sale_to"": null,
        ""on_sale"": false,
        ""purchasable"": true,
        ""stock_quantity"": 5,
        ""stock_status"": ""instock"",
        ""backorders"": ""no"",
        ""backorders_allowed"": false,
        ""low_stock_amount"": """",
        ""weight"": """",
        ""dimensions"": {
            ""length"": """",
            ""width"": """",
            ""height"": """"
        },
        ""categories"": [
            ""Accessories""
        ],
        ""tags"": [],
        ""images"": [
            ""https://pinakapos.techkumard.com/wp-content/uploads/2025/03/167113861-531ebbcd-f9b5-4c18-b5c7-a878d5017ca2.jpeg""
        ],
        ""attributes"": [],
        ""meta_data"": [
            {
                ""id"": 122,
                ""key"": ""_wpcom_is_markdown"",
                ""value"": ""1""
            }
        ],
        ""permalink"": ""https://pinakapos.techkumard.com/product/shoes/""
    },
    {
        ""id"": 26,
        ""name"": ""Shirt - Cream"",
        ""slug"": ""shirt-cream"",
        ""date_created"": ""2025-03-20T11:54:09"",
        ""date_modified"": ""2025-03-20T11:54:09"",
        ""status"": ""publish"",
        ""description"": ""<p>Pellentesque habitant morbi tristique senectus et netus et malesuada fames ac turpis egestas. Vestibulum tortor quam, feugiat vitae, ultricies eget, tempor sit amet, ante. Donec eu libero sit amet quam egestas semper. Aenean ultricies mi vitae est. Mauris placerat eleifend leo.</p>\n<p>Photography by @cottonbro.</p>\n"",
        ""short_description"": ""<p>This is a simple product.</p>\n"",
        ""sku"": ""woo-fashion-shirt-cream"",
        ""price"": ""25"",
        ""regular_price"": ""25"",
        ""sale_price"": """",
        ""date_on_sale_from"": null,
        ""date_on_sale_to"": null,
        ""on_sale"": false,
        ""purchasable"": true,
        ""stock_quantity"": 5,
        ""stock_status"": ""instock"",
        ""backorders"": ""no"",
        ""backorders_allowed"": false,
        ""low_stock_amount"": """",
        ""weight"": """",
        ""dimensions"": {
            ""length"": """",
            ""width"": """",
            ""height"": """"
        },
        ""categories"": [
            ""Shirts""
        ],
        ""tags"": [],
        ""images"": [
            ""https://pinakapos.techkumard.com/wp-content/uploads/2025/03/167113864-14d59cf5-1233-4053-8193-070413ea3434.jpeg""
        ],
        ""attributes"": [],
        ""meta_data"": [
            {
                ""id"": 145,
                ""key"": ""_wpcom_is_markdown"",
                ""value"": ""1""
            }
        ],
        ""permalink"": ""https://pinakapos.techkumard.com/product/shirt-cream/""
    },
    {
        ""id"": 20,
        ""name"": ""Shirt"",
        ""slug"": ""shirt"",
        ""date_created"": ""2025-03-20T11:54:08"",
        ""date_modified"": ""2025-03-20T11:54:08"",
        ""status"": ""publish"",
        ""description"": ""<p>Pellentesque habitant morbi tristique senectus et netus et malesuada fames ac turpis egestas. Vestibulum tortor quam, feugiat vitae, ultricies eget, tempor sit amet, ante. Donec eu libero sit amet quam egestas semper. Aenean ultricies mi vitae est. Mauris placerat eleifend leo.</p>\n<p>Photography by @cottonbro.</p>\n"",
        ""short_description"": ""<p>This is a simple product.</p>\n"",
        ""sku"": ""woo-fashion-shirt"",
        ""price"": ""18"",
        ""regular_price"": ""20"",
        ""sale_price"": ""18"",
        ""date_on_sale_from"": null,
        ""date_on_sale_to"": null,
        ""on_sale"": true,
        ""purchasable"": true,
        ""stock_quantity"": 10,
        ""stock_status"": ""instock"",
        ""backorders"": ""no"",
        ""backorders_allowed"": false,
        ""low_stock_amount"": """",
        ""weight"": """",
        ""dimensions"": {
            ""length"": """",
            ""width"": """",
            ""height"": """"
        },
        ""categories"": [
            ""Shirts""
        ],
        ""tags"": [],
        ""images"": [
            ""https://pinakapos.techkumard.com/wp-content/uploads/2025/03/167113854-b669deff-4c3e-4bb0-b00f-96cfbdc4087e.jpeg""
        ],
        ""attributes"": [],
        ""meta_data"": [
            {
                ""id"": 77,
                ""key"": ""_wpcom_is_markdown"",
                ""value"": ""1""
            }
        ],
        ""permalink"": ""https://pinakapos.techkumard.com/product/shirt/""
    },
    {
        ""id"": 22,
        ""name"": ""Socks"",
        ""slug"": ""socks"",
        ""date_created"": ""2025-03-20T11:54:08"",
        ""date_modified"": ""2025-03-20T11:54:08"",
        ""status"": ""publish"",
        ""description"": ""<p>Pellentesque habitant morbi tristique senectus et netus et malesuada fames ac turpis egestas. Vestibulum tortor quam, feugiat vitae, ultricies eget, tempor sit amet, ante. Donec eu libero sit amet quam egestas semper. Aenean ultricies mi vitae est. Mauris placerat eleifend leo.</p>\n<p>Photography by @cottonbro.</p>\n"",
        ""short_description"": ""<p>This is a variable product.</p>\n"",
        ""sku"": ""woo-fashion-socks"",
        ""price"": """",
        ""regular_price"": """",
        ""sale_price"": """",
        ""date_on_sale_from"": null,
        ""date_on_sale_to"": null,
        ""on_sale"": false,
        ""purchasable"": false,
        ""stock_quantity"": null,
        ""stock_status"": ""outofstock"",
        ""backorders"": ""no"",
        ""backorders_allowed"": false,
        ""low_stock_amount"": """",
        ""weight"": """",
        ""dimensions"": {
            ""length"": """",
            ""width"": """",
            ""height"": """"
        },
        ""categories"": [
            ""Accessories""
        ],
        ""tags"": [],
        ""images"": [
            ""https://pinakapos.techkumard.com/wp-content/uploads/2025/03/167113857-839785e4-d25a-45f0-b647-cd8d9be8bc2d.jpeg""
        ],
        ""attributes"": [],
        ""meta_data"": [
            {
                ""id"": 99,
                ""key"": ""_wpcom_is_markdown"",
                ""value"": ""1""
            }
        ],
        ""permalink"": ""https://pinakapos.techkumard.com/product/socks/""
    },
    {
        ""id"": 18,
        ""name"": ""Blouse"",
        ""slug"": ""blouse"",
        ""date_created"": ""2025-03-20T11:54:07"",
        ""date_modified"": ""2025-03-20T11:54:07"",
        ""status"": ""publish"",
        ""description"": ""<p>Pellentesque habitant morbi tristique senectus et netus et malesuada fames ac turpis egestas. Vestibulum tortor quam, feugiat vitae, ultricies eget, tempor sit amet, ante. Donec eu libero sit amet quam egestas semper. Aenean ultricies mi vitae est. Mauris placerat eleifend leo.</p>\n<p>Photography by @cottonbro.</p>\n"",
        ""short_description"": ""<p>This is a simple product.</p>\n"",
        ""sku"": ""woo-fashion-blouse"",
        ""price"": """",
        ""regular_price"": """",
        ""sale_price"": """",
        ""date_on_sale_from"": null,
        ""date_on_sale_to"": null,
        ""on_sale"": false,
        ""purchasable"": false,
        ""stock_quantity"": null,
        ""stock_status"": ""instock"",
        ""backorders"": ""no"",
        ""backorders_allowed"": false,
        ""low_stock_amount"": """",
        ""weight"": """",
        ""dimensions"": {
            ""length"": """",
            ""width"": """",
            ""height"": """"
        },
        ""categories"": [
            ""Shirts""
        ],
        ""tags"": [],
        ""images"": [
            ""https://pinakapos.techkumard.com/wp-content/uploads/2025/03/167113836-efdbde32-7863-4a24-9d2d-979025b51260.jpeg""
        ],
        ""attributes"": [],
        ""meta_data"": [
            {
                ""id"": 53,
                ""key"": ""_wpcom_is_markdown"",
                ""value"": ""1""
            }
        ],
        ""permalink"": ""https://pinakapos.techkumard.com/product/blouse/""
    },
    {
        ""id"": 15,
        ""name"": ""Sweater"",
        ""slug"": ""sweater"",
        ""date_created"": ""2025-03-20T11:54:06"",
        ""date_modified"": ""2025-03-20T11:54:07"",
        ""status"": ""publish"",
        ""description"": ""<p>Pellentesque habitant morbi tristique senectus et netus et malesuada fames ac turpis egestas. Vestibulum tortor quam, feugiat vitae, ultricies eget, tempor sit amet, ante. Donec eu libero sit amet quam egestas semper. Aenean ultricies mi vitae est. Mauris placerat eleifend leo.</p>\n<p>Photography by @cottonbro.</p>\n"",
        ""short_description"": ""<p>This is a variable product.</p>\n"",
        ""sku"": ""woo-fashion-sweater"",
        ""price"": """",
        ""regular_price"": """",
        ""sale_price"": """",
        ""date_on_sale_from"": null,
        ""date_on_sale_to"": null,
        ""on_sale"": false,
        ""purchasable"": false,
        ""stock_quantity"": 5,
        ""stock_status"": ""instock"",
        ""backorders"": ""no"",
        ""backorders_allowed"": false,
        ""low_stock_amount"": """",
        ""weight"": """",
        ""dimensions"": {
            ""length"": """",
            ""width"": """",
            ""height"": """"
        },
        ""categories"": [
            ""Sweater""
        ],
        ""tags"": [],
        ""images"": [
            ""https://pinakapos.techkumard.com/wp-content/uploads/2025/03/167113823-3f0757ff-c7c2-44d0-a1e9-0b006772b39a.jpeg"",
            ""https://pinakapos.techkumard.com/wp-content/uploads/2025/03/167113851-84b1da86-5c2a-4cce-9deb-4444848778d4.jpeg""
        ],
        ""attributes"": [
            {
                ""name"": ""Color"",
                ""values"": [
                    ""Beige"",
                    ""Green""
                ],
                ""visible"": true,
                ""variation"": false
            },
            {
                ""name"": ""Size"",
                ""values"": [
                    ""Large"",
                    ""Medium"",
                    ""Small""
                ],
                ""visible"": true,
                ""variation"": false
            }
        ],
        ""meta_data"": [
            {
                ""id"": 31,
                ""key"": ""_wpcom_is_markdown"",
                ""value"": ""1""
            }
        ],
        ""permalink"": ""https://pinakapos.techkumard.com/product/sweater/""
    }
]{noformat}


"	"26/Mar/25 12:14 PM;557058:5d279c32-8b06-4d12-a396-a9e2aba109aa;[~accountid:60bddaed624d7000692f9f97] what is 17 in this url? can we discuss today on this API?

Also getting 500 error while accessing this API

!image-20250326-065656.png|width=940,height=401,alt=""image-20250326-065656.png""!"	"08/Apr/25 9:26 AM;557058:5d279c32-8b06-4d12-a396-a9e2aba109aa;[~accountid:5b4351534649a35be6ef91a6] do we have any changes in Category API and if there is any dependency with UI, please let us know before integration stats."	"08/Apr/25 9:46 AM;557058:5d279c32-8b06-4d12-a396-a9e2aba109aa;Note:

# Use 3 services 
## get list of main categories
## get list of sub categories using category id
## get list of products/ sub categories / variants
# Or use same service with request parameter to get main category and sub category , product / variant 

If we complete these task then we can close this ticket"	09/Apr/25 1:21 PM;557058:5d279c32-8b06-4d12-a396-a9e2aba109aa;[~accountid:60bddaed624d7000692f9f97] any update ? can we close this now?	"09/Apr/25 2:04 PM;60bddaed624d7000692f9f97;Get Children Categories by parent Category ID:
Request:
curl --location '[https://pinakapos.techkumard.com/wp-json/wc/v3/products/categories?page=1&per_page=100&parent=17'|https://pinakapos.techkumard.com/wp-json/wc/v3/products/categories?page=1&per_page=100&hide_empty=true&parent=17'] \
--header 'Authorization: Bearer eyJ0eXAiOiJKV1QiLCJhbGciOiJIUzI1NiJ9.eyJpc3MiOiJodHRwczpcL1wvcGluYWthcG9zLnRlY2hrdW1hcmQuY29tIiwiaWF0IjoxNzQ0MDk5OTk4LCJuYmYiOjE3NDQwOTk5OTgsImV4cCI6MTc0NjY5MTk5OCwiZGF0YSI6eyJ1c2VyIjp7ImlkIjoyLCJkZXZpY2UiOiIiLCJwYXNzIjoiYmQ0MGE2OTJkZWY4OTc2YmIxZjdmNzZhOTYzMTRlMDUifX19.cf_MsH6AvzRU5sy6y29SY32awmpyZSB5pvkXgbBcDf4'

Response: 

[
    {
        ""id"": 20,
        ""name"": ""Accessories"",
        ""slug"": ""accessories"",
        ""parent"": 17,
        ""description"": """",
        ""display"": ""default"",
        ""image"": null,
        ""menu_order"": 0,
        ""count"": 3,
        ""child_count"": 0,
        ""_links"": {
            ""self"": [
                {
                    ""href"": ""[https://pinakapos.techkumard.com/wp-json/wc/v3/products/categories/20|https://pinakapos.techkumard.com/wp-json/wc/v3/products/categories/20]"",
                    ""targetHints"": {
                        ""allow"": [
                            ""GET"",
                            ""POST"",
                            ""PUT"",
                            ""PATCH"",
                            ""DELETE""
                        ]
                    }
                }
            ],
            ""collection"": [
                {
                    ""href"": ""[https://pinakapos.techkumard.com/wp-json/wc/v3/products/categories|https://pinakapos.techkumard.com/wp-json/wc/v3/products/categories]""
                }
            ],
            ""up"": [
                {
                    ""href"": ""[https://pinakapos.techkumard.com/wp-json/wc/v3/products/categories/17|https://pinakapos.techkumard.com/wp-json/wc/v3/products/categories/17]""
                }
            ]
        }
    },
    {
        ""id"": 21,
        ""name"": ""Jackets"",
        ""slug"": ""jackets"",
        ""parent"": 17,
        ""description"": """",
        ""display"": ""default"",
        ""image"": null,
        ""menu_order"": 0,
        ""count"": 1,
        ""child_count"": 0,
        ""_links"": {
            ""self"": [
                {
                    ""href"": ""[https://pinakapos.techkumard.com/wp-json/wc/v3/products/categories/21|https://pinakapos.techkumard.com/wp-json/wc/v3/products/categories/21]"",
                    ""targetHints"": {
                        ""allow"": [
                            ""GET"",
                            ""POST"",
                            ""PUT"",
                            ""PATCH"",
                            ""DELETE""
                        ]
                    }
                }
            ],
            ""collection"": [
                {
                    ""href"": ""[https://pinakapos.techkumard.com/wp-json/wc/v3/products/categories|https://pinakapos.techkumard.com/wp-json/wc/v3/products/categories]""
                }
            ],
            ""up"": [
                {
                    ""href"": ""[https://pinakapos.techkumard.com/wp-json/wc/v3/products/categories/17|https://pinakapos.techkumard.com/wp-json/wc/v3/products/categories/17]""
                }
            ]
        }
    },
    {
        ""id"": 19,
        ""name"": ""Shirts"",
        ""slug"": ""shirts"",
        ""parent"": 17,
        ""description"": """",
        ""display"": ""default"",
        ""image"": null,
        ""menu_order"": 0,
        ""count"": 4,
        ""child_count"": 0,
        ""_links"": {
            ""self"": [
                {
                    ""href"": ""[https://pinakapos.techkumard.com/wp-json/wc/v3/products/categories/19|https://pinakapos.techkumard.com/wp-json/wc/v3/products/categories/19]"",
                    ""targetHints"": {
                        ""allow"": [
                            ""GET"",
                            ""POST"",
                            ""PUT"",
                            ""PATCH"",
                            ""DELETE""
                        ]
                    }
                }
            ],
            ""collection"": [
                {
                    ""href"": ""[https://pinakapos.techkumard.com/wp-json/wc/v3/products/categories|https://pinakapos.techkumard.com/wp-json/wc/v3/products/categories]""
                }
            ],
            ""up"": [
                {
                    ""href"": ""[https://pinakapos.techkumard.com/wp-json/wc/v3/products/categories/17|https://pinakapos.techkumard.com/wp-json/wc/v3/products/categories/17]""
                }
            ]
        }
    },
    {
        ""id"": 18,
        ""name"": ""Sweater"",
        ""slug"": ""sweater"",
        ""parent"": 17,
        ""description"": """",
        ""display"": ""default"",
        ""image"": null,
        ""menu_order"": 0,
        ""count"": 1,
        ""child_count"": 0,
        ""_links"": {
            ""self"": [
                {
                    ""href"": ""[https://pinakapos.techkumard.com/wp-json/wc/v3/products/categories/18|https://pinakapos.techkumard.com/wp-json/wc/v3/products/categories/18]"",
                    ""targetHints"": {
                        ""allow"": [
                            ""GET"",
                            ""POST"",
                            ""PUT"",
                            ""PATCH"",
                            ""DELETE""
                        ]
                    }
                }
            ],
            ""collection"": [
                {
                    ""href"": ""[https://pinakapos.techkumard.com/wp-json/wc/v3/products/categories|https://pinakapos.techkumard.com/wp-json/wc/v3/products/categories]""
                }
            ],
            ""up"": [
                {
                    ""href"": ""[https://pinakapos.techkumard.com/wp-json/wc/v3/products/categories/17|https://pinakapos.techkumard.com/wp-json/wc/v3/products/categories/17]""
                }
            ]
        }
    }
]"	"09/Apr/25 2:05 PM;60bddaed624d7000692f9f97;[~accountid:557058:5d279c32-8b06-4d12-a396-a9e2aba109aa], Yes we can close this. i added the Request and Response."	"09/Apr/25 2:07 PM;60bddaed624d7000692f9f97;Get Parent Categories
Request:
curl --location '[https://pinakapos.techkumard.com/wp-json/wc/v3/products/categories?page=1&per_page=100&hide_empty=true&parent=0'|https://pinakapos.techkumard.com/wp-json/wc/v3/products/categories?page=1&per_page=100&hide_empty=true&parent=0'] \
--header 'Authorization: Bearer eyJ0eXAiOiJKV1QiLCJhbGciOiJIUzI1NiJ9.eyJpc3MiOiJodHRwczpcL1wvcGluYWthcG9zLnRlY2hrdW1hcmQuY29tIiwiaWF0IjoxNzQ0MDk5OTk4LCJuYmYiOjE3NDQwOTk5OTgsImV4cCI6MTc0NjY5MTk5OCwiZGF0YSI6eyJ1c2VyIjp7ImlkIjoyLCJkZXZpY2UiOiIiLCJwYXNzIjoiYmQ0MGE2OTJkZWY4OTc2YmIxZjdmNzZhOTYzMTRlMDUifX19.cf_MsH6AvzRU5sy6y29SY32awmpyZSB5pvkXgbBcDf4'

Response: 

[
    {
        ""id"": 17,
        ""name"": ""Clothing"",
        ""slug"": ""clothing"",
        ""parent"": 0,
        ""description"": """",
        ""display"": ""default"",
        ""image"": null,
        ""menu_order"": 0,
        ""count"": 9,
        ""child_count"": 4,
        ""_links"": {
            ""self"": [
                {
                    ""href"": ""[https://pinakapos.techkumard.com/wp-json/wc/v3/products/categories/17|https://pinakapos.techkumard.com/wp-json/wc/v3/products/categories/17]"",
                    ""targetHints"": {
                        ""allow"": [
                            ""GET"",
                            ""POST"",
                            ""PUT"",
                            ""PATCH"",
                            ""DELETE""
                        ]
                    }
                }
            ],
            ""collection"": [
                {
                    ""href"": ""[https://pinakapos.techkumard.com/wp-json/wc/v3/products/categories|https://pinakapos.techkumard.com/wp-json/wc/v3/products/categories]""
                }
            ]
        }
    }
]"	"09/Apr/25 2:09 PM;60bddaed624d7000692f9f97;[https://pinakapos.techkumard.com/wp-json/wc/v3/products/categories?page=1&per_page=100&hide_empty=true&parent=0'|https://pinakapos.techkumard.com/wp-json/wc/v3/products/categories?page=1&per_page=100&hide_empty=true&parent=0%27]


In the GET method, if the parent value is 0, it will return all main/parent categories. If you pass any parent category ID, it will return the child categories of that parent."	10143	API Development	In Progress	26-03-2025 12:14
Orders API	SCRUM-82	10244	Task	Done	SCRUM	My Scrum Project	software	Pinaka Pos	712020:5baa67ab-2f39-469a-8a50-a6769738f474		Medium	Done	Kumaraswamy D	60bddaed624d7000692f9f97	Ranjeet Chirutkar	557058:5d279c32-8b06-4d12-a396-a9e2aba109aa	Ranjeet Chirutkar	557058:5d279c32-8b06-4d12-a396-a9e2aba109aa	13-03-2025 17:20	08-04-2025 17:11		08-04-2025 17:11		0			Kumaraswamy D	Ranjeet Chirutkar	Shravan Bele	60bddaed624d7000692f9f97	557058:5d279c32-8b06-4d12-a396-a9e2aba109aa	5b4351534649a35be6ef91a6										SCRUM-89	SCRUM-70																									0|i000g7:			Pinaka Sprint 4										53:46.3	10000_*:*_1_*:*_1577035225_*|*_10001_*:*_1_*:*_0	"31/Mar/25 11:23 PM;60bddaed624d7000692f9f97;Create Order from API.
Request is Below.

curl --location '[http://localhost/pinaka/wp-json/pinaka-pos/v1/orders'|http://localhost/pinaka/wp-json/pinaka-pos/v1/orders'] \
--header 'Content-Type: application/json' \
--header 'Authorization: Bearer eyJ0eXAiOiJKV1QiLCJhbGciOiJIUzI1NiJ9.eyJpc3MiOiJodHRwOlwvXC9sb2NhbGhvc3RcL3BpbmFrYSIsImlhdCI6MTc0MzM1ODQ3OSwibmJmIjoxNzQzMzU4NDc5LCJleHAiOjE3NDU5NTA0NzksImRhdGEiOnsidXNlciI6eyJpZCI6MSwiZGV2aWNlIjoiIiwicGFzcyI6IjgzMGZlYWIyMmJjNzUwNTgxOTllMjE0NDlmYzcyODYwIn19fQ.dpLMETlS6Y0m-ep70tBIgiJGtUHaJLBqG4dTPzhpvKU' \
--data '{
  ""payment_method"": ""cash"",
  ""payment_method_title"": ""POS-CASH"",
  ""set_paid"": true,
  ""wps_cart_points"": """",
  ""status"": ""completed"",
  ""currency"": null,
  ""customer_id"": null,
  ""customer_note"": """",
  ""parent_id"": null,
  ""meta_data"": [
    {
      ""key"": ""pos_device_id"",
      ""value"": ""b31b723b92047f4b""
    },
    {
      ""key"": ""shift_id"",
      ""value"": ""2""
    },
    {
      ""key"": ""pos_placed_by"",
      ""value"": ""pinakapos""
    },
    {
      ""key"": ""pos_cash_paid"",
      ""value"": ""18.0""
    }
  ],
  ""fee_lines"": [],
  ""line_items"": [
    {
      ""product_id"": 71,
      ""name"": ""Shoes"",
      ""subtotal"": ""18.00"",
      ""total"": ""18.00"",
      ""quantity"": 1
    },
    {
      ""product_id"": 79,
      ""name"": ""Hat"",
      ""subtotal"": ""12.00"",
      ""total"": ""12.00"",
      ""quantity"": 1
    }
  ],
  ""tax_lines"": []
}'

Response Is: 

{
    ""id"": 168,
    ""parent_id"": 0,
    ""status"": ""completed"",
    ""currency"": ""USD"",
    ""version"": ""9.6.0"",
    ""prices_include_tax"": false,
    ""date_created"": ""2025-03-31T17:47:10"",
    ""date_modified"": ""2025-03-31T17:47:11"",
    ""discount_total"": ""0.00"",
    ""discount_tax"": ""0.00"",
    ""shipping_total"": ""0.00"",
    ""shipping_tax"": ""0.00"",
    ""cart_tax"": ""3.00"",
    ""total"": ""33.00"",
    ""total_tax"": ""3.00"",
    ""customer_id"": 0,
    ""order_key"": ""wc_order_SE33Pr18V4AAR"",
    ""billing"": {
        ""first_name"": """",
        ""last_name"": """",
        ""company"": """",
        ""address_1"": """",
        ""address_2"": """",
        ""city"": """",
        ""state"": """",
        ""postcode"": """",
        ""country"": """",
        ""email"": """",
        ""phone"": """"
    },
    ""shipping"": {
        ""first_name"": """",
        ""last_name"": """",
        ""company"": """",
        ""address_1"": """",
        ""address_2"": """",
        ""city"": """",
        ""state"": """",
        ""postcode"": """",
        ""country"": """",
        ""phone"": """"
    },
    ""payment_method"": ""cash"",
    ""payment_method_title"": ""POS-CASH"",
    ""transaction_id"": """",
    ""customer_ip_address"": """",
    ""customer_user_agent"": """",
    ""created_via"": ""rest-api"",
    ""customer_note"": """",
    ""date_completed"": ""2025-03-31T17:47:11"",
    ""date_paid"": ""2025-03-31T17:47:11"",
    ""cart_hash"": """",
    ""number"": ""168"",
    ""meta_data"": [
        {
            ""id"": 21,
            ""key"": ""pos_cash_paid"",
            ""value"": ""18.0""
        },
        {
            ""id"": 18,
            ""key"": ""pos_device_id"",
            ""value"": ""b31b723b92047f4b""
        },
        {
            ""id"": 20,
            ""key"": ""pos_placed_by"",
            ""value"": ""pinakapos""
        },
        {
            ""id"": 19,
            ""key"": ""shift_id"",
            ""value"": ""2""
        }
    ],
    ""line_items"": [
        {
            ""id"": 7,
            ""name"": ""Shoes"",
            ""product_id"": 71,
            ""variation_id"": 0,
            ""quantity"": 1,
            ""tax_class"": """",
            ""subtotal"": ""18.00"",
            ""subtotal_tax"": ""1.80"",
            ""total"": ""18.00"",
            ""total_tax"": ""1.80"",
            ""taxes"": [
                {
                    ""id"": 4,
                    ""total"": ""1.8"",
                    ""subtotal"": ""1.8""
                }
            ],
            ""meta_data"": [
                {
                    ""id"": 73,
                    ""key"": ""_reduced_stock"",
                    ""value"": ""1"",
                    ""display_key"": ""_reduced_stock"",
                    ""display_value"": ""1""
                }
            ],
            ""sku"": ""woo-fashion-shoes"",
            ""price"": 18,
            ""image"": {
                ""id"": ""70"",
                ""src"": ""[http://localhost/pinaka/wp-content/uploads/2025/01/167113861-531ebbcd-f9b5-4c18-b5c7-a878d5017ca2.jpeg|http://localhost/pinaka/wp-content/uploads/2025/01/167113861-531ebbcd-f9b5-4c18-b5c7-a878d5017ca2.jpeg]""
            },
            ""parent_name"": null,
            ""product_data"": {
                ""id"": 71,
                ""name"": ""Shoes"",
                ""slug"": ""shoes"",
                ""permalink"": ""[http://localhost/pinaka/product/shoes/|http://localhost/pinaka/product/shoes/]"",
                ""date_created"": ""2025-01-20T09:31:30"",
                ""date_created_gmt"": ""2025-01-20T09:31:30"",
                ""date_modified"": ""2025-03-31T17:47:11"",
                ""date_modified_gmt"": ""2025-03-31T17:47:11"",
                ""type"": ""simple"",
                ""status"": ""publish"",
                ""featured"": false,
                ""catalog_visibility"": ""visible"",
                ""description"": ""<p>Pellentesque habitant morbi tristique senectus et netus et malesuada fames ac turpis egestas. Vestibulum tortor quam, feugiat vitae, ultricies eget, tempor sit amet, ante. Donec eu libero sit amet quam egestas semper. Aenean ultricies mi vitae est. Mauris placerat eleifend leo.</p>\n<p>Photography by @cottonbro.</p>\n"",
                ""short_description"": ""<p>This is a simple product.</p>\n"",
                ""sku"": ""woo-fashion-shoes"",
                ""price"": ""18"",
                ""regular_price"": ""18"",
                ""sale_price"": """",
                ""date_on_sale_from"": null,
                ""date_on_sale_from_gmt"": null,
                ""date_on_sale_to"": null,
                ""date_on_sale_to_gmt"": null,
                ""on_sale"": false,
                ""purchasable"": true,
                ""total_sales"": 4,
                ""virtual"": false,
                ""downloadable"": false,
                ""downloads"": [],
                ""download_limit"": 0,
                ""download_expiry"": 0,
                ""external_url"": """",
                ""button_text"": """",
                ""tax_status"": ""taxable"",
                ""tax_class"": """",
                ""manage_stock"": true,
                ""stock_quantity"": 1,
                ""backorders"": ""no"",
                ""backorders_allowed"": false,
                ""backordered"": false,
                ""low_stock_amount"": null,
                ""sold_individually"": false,
                ""weight"": """",
                ""dimensions"": {
                    ""length"": """",
                    ""width"": """",
                    ""height"": """"
                },
                ""shipping_required"": true,
                ""shipping_taxable"": true,
                ""shipping_class"": """",
                ""shipping_class_id"": 0,
                ""reviews_allowed"": true,
                ""average_rating"": ""0.00"",
                ""rating_count"": 0,
                ""upsell_ids"": [],
                ""cross_sell_ids"": [],
                ""parent_id"": 0,
                ""purchase_note"": """",
                ""categories"": [
                    {
                        ""id"": 19,
                        ""name"": ""Accessories"",
                        ""slug"": ""accessories""
                    }
                ],
                ""tags"": [],
                ""images"": [
                    {
                        ""id"": 70,
                        ""date_created"": ""2025-01-20T09:31:29"",
                        ""date_created_gmt"": ""2025-01-20T09:31:29"",
                        ""date_modified"": ""2025-01-20T09:31:30"",
                        ""date_modified_gmt"": ""2025-01-20T09:31:30"",
                        ""src"": ""[http://localhost/pinaka/wp-content/uploads/2025/01/167113861-531ebbcd-f9b5-4c18-b5c7-a878d5017ca2.jpeg|http://localhost/pinaka/wp-content/uploads/2025/01/167113861-531ebbcd-f9b5-4c18-b5c7-a878d5017ca2.jpeg]"",
                        ""name"": ""167113861-531ebbcd-f9b5-4c18-b5c7-a878d5017ca2.jpeg"",
                        ""alt"": """"
                    }
                ],
                ""attributes"": [],
                ""default_attributes"": [],
                ""variations"": [],
                ""grouped_products"": [],
                ""menu_order"": 0,
                ""price_html"": ""<span class=\""woocommerce-Price-amount amount\""><bdi><span class=\""woocommerce-Price-currencySymbol\"">$</span>18.00</bdi></span>"",
                ""related_ids"": [
                    79,
                    69
                ],
                ""meta_data"": [
                    {
                        ""id"": 122,
                        ""key"": ""_wpcom_is_markdown"",
                        ""value"": ""1""
                    }
                ],
                ""stock_status"": ""instock"",
                ""has_options"": false,
                ""post_password"": """",
                ""global_unique_id"": """",
                ""brands"": []
            }
        },
        {
            ""id"": 8,
            ""name"": ""Hat"",
            ""product_id"": 79,
            ""variation_id"": 0,
            ""quantity"": 1,
            ""tax_class"": """",
            ""subtotal"": ""12.00"",
            ""subtotal_tax"": ""1.20"",
            ""total"": ""12.00"",
            ""total_tax"": ""1.20"",
            ""taxes"": [
                {
                    ""id"": 4,
                    ""total"": ""1.2"",
                    ""subtotal"": ""1.2""
                }
            ],
            ""meta_data"": [],
            ""sku"": ""woo-fashion-hat"",
            ""price"": 12,
            ""image"": {
                ""id"": ""78"",
                ""src"": ""[http://localhost/pinaka/wp-content/uploads/2025/01/167113811-0be977aa-edfe-4a09-b36d-a62f02de4a29.jpeg|http://localhost/pinaka/wp-content/uploads/2025/01/167113811-0be977aa-edfe-4a09-b36d-a62f02de4a29.jpeg]""
            },
            ""parent_name"": null,
            ""product_data"": {
                ""id"": 79,
                ""name"": ""Hat"",
                ""slug"": ""hat"",
                ""permalink"": ""[http://localhost/pinaka/product/hat/|http://localhost/pinaka/product/hat/]"",
                ""date_created"": ""2025-01-20T09:31:38"",
                ""date_created_gmt"": ""2025-01-20T09:31:38"",
                ""date_modified"": ""2025-01-20T09:31:39"",
                ""date_modified_gmt"": ""2025-01-20T09:31:39"",
                ""type"": ""simple"",
                ""status"": ""publish"",
                ""featured"": false,
                ""catalog_visibility"": ""visible"",
                ""description"": ""<p>Pellentesque habitant morbi tristique senectus et netus et malesuada fames ac turpis egestas. Vestibulum tortor quam, feugiat vitae, ultricies eget, tempor sit amet, ante. Donec eu libero sit amet quam egestas semper. Aenean ultricies mi vitae est. Mauris placerat eleifend leo.</p>\n<p>Photography by @cottonbro.</p>\n"",
                ""short_description"": ""<p>This is a simple product.</p>\n"",
                ""sku"": ""woo-fashion-hat"",
                ""price"": ""12"",
                ""regular_price"": ""12"",
                ""sale_price"": """",
                ""date_on_sale_from"": null,
                ""date_on_sale_from_gmt"": null,
                ""date_on_sale_to"": null,
                ""date_on_sale_to_gmt"": null,
                ""on_sale"": false,
                ""purchasable"": true,
                ""total_sales"": 1,
                ""virtual"": false,
                ""downloadable"": false,
                ""downloads"": [],
                ""download_limit"": 0,
                ""download_expiry"": 0,
                ""external_url"": """",
                ""button_text"": """",
                ""tax_status"": ""taxable"",
                ""tax_class"": """",
                ""manage_stock"": false,
                ""stock_quantity"": null,
                ""backorders"": ""no"",
                ""backorders_allowed"": false,
                ""backordered"": false,
                ""low_stock_amount"": null,
                ""sold_individually"": false,
                ""weight"": """",
                ""dimensions"": {
                    ""length"": """",
                    ""width"": """",
                    ""height"": """"
                },
                ""shipping_required"": true,
                ""shipping_taxable"": true,
                ""shipping_class"": """",
                ""shipping_class_id"": 0,
                ""reviews_allowed"": true,
                ""average_rating"": ""0.00"",
                ""rating_count"": 0,
                ""upsell_ids"": [],
                ""cross_sell_ids"": [],
                ""parent_id"": 0,
                ""purchase_note"": """",
                ""categories"": [
                    {
                        ""id"": 19,
                        ""name"": ""Accessories"",
                        ""slug"": ""accessories""
                    }
                ],
                ""tags"": [],
                ""images"": [
                    {
                        ""id"": 78,
                        ""date_created"": ""2025-01-20T09:31:38"",
                        ""date_created_gmt"": ""2025-01-20T09:31:38"",
                        ""date_modified"": ""2025-01-20T09:31:39"",
                        ""date_modified_gmt"": ""2025-01-20T09:31:39"",
                        ""src"": ""[http://localhost/pinaka/wp-content/uploads/2025/01/167113811-0be977aa-edfe-4a09-b36d-a62f02de4a29.jpeg|http://localhost/pinaka/wp-content/uploads/2025/01/167113811-0be977aa-edfe-4a09-b36d-a62f02de4a29.jpeg]"",
                        ""name"": ""167113811-0be977aa-edfe-4a09-b36d-a62f02de4a29.jpeg"",
                        ""alt"": """"
                    }
                ],
                ""attributes"": [],
                ""default_attributes"": [],
                ""variations"": [],
                ""grouped_products"": [],
                ""menu_order"": 0,
                ""price_html"": ""<span class=\""woocommerce-Price-amount amount\""><bdi><span class=\""woocommerce-Price-currencySymbol\"">$</span>12.00</bdi></span>"",
                ""related_ids"": [
                    71,
                    69
                ],
                ""meta_data"": [
                    {
                        ""id"": 215,
                        ""key"": ""_wpcom_is_markdown"",
                        ""value"": ""1""
                    }
                ],
                ""stock_status"": ""instock"",
                ""has_options"": false,
                ""post_password"": """",
                ""global_unique_id"": """",
                ""brands"": []
            }
        }
    ],
    ""tax_lines"": [
        {
            ""id"": 9,
            ""rate_code"": ""US-US-1"",
            ""rate_id"": 4,
            ""label"": ""US"",
            ""compound"": true,
            ""tax_total"": ""3.00"",
            ""shipping_tax_total"": ""0.00"",
            ""rate_percent"": 10,
            ""meta_data"": []
        }
    ],
    ""shipping_lines"": [],
    ""fee_lines"": [],
    ""coupon_lines"": [],
    ""refunds"": [],
    ""payment_url"": ""[http://localhost/pinaka/checkout/order-pay/168/?pay_for_order=true&key=wc_order_SE33Pr18V4AAR|http://localhost/pinaka/checkout/order-pay/168/?pay_for_order=true&key=wc_order_SE33Pr18V4AAR]"",
    ""is_editable"": false,
    ""needs_payment"": false,
    ""needs_processing"": true,
    ""date_created_gmt"": ""2025-03-31T17:47:10"",
    ""date_modified_gmt"": ""2025-03-31T17:47:11"",
    ""date_completed_gmt"": ""2025-03-31T17:47:11"",
    ""date_paid_gmt"": ""2025-03-31T17:47:11"",
    ""currency_symbol"": ""$"",
    ""_links"": {
        ""self"": [
            {
                ""href"": ""[http://localhost/pinaka/wp-json/pinaka-pos/v1/orders/168|http://localhost/pinaka/wp-json/pinaka-pos/v1/orders/168]"",
                ""targetHints"": {
                    ""allow"": [
                        ""GET"",
                        ""POST"",
                        ""PUT"",
                        ""PATCH"",
                        ""DELETE""
                    ]
                }
            }
        ],
        ""collection"": [
            {
                ""href"": ""[http://localhost/pinaka/wp-json/pinaka-pos/v1/orders|http://localhost/pinaka/wp-json/pinaka-pos/v1/orders]""
            }
        ]
    }
}"	01/Apr/25 9:00 AM;557058:5d279c32-8b06-4d12-a396-a9e2aba109aa;Let me check and get back to you [~accountid:60bddaed624d7000692f9f97] 	"01/Apr/25 9:03 AM;557058:5d279c32-8b06-4d12-a396-a9e2aba109aa;[~accountid:5b4351534649a35be6ef91a6] as per the request parameters concern, I need a discussion for clarification. Also how the prices as shown.



[~accountid:60bddaed624d7000692f9f97] are we using same api for adding product to the order and payment ?"	"01/Apr/25 9:54 AM;60bddaed624d7000692f9f97;[~accountid:557058:5d279c32-8b06-4d12-a396-a9e2aba109aa] yes.  Below are the products added to the order. 

{color:#ff5630}""line_items"": [{color}
{color:#ff5630}    {{color}
{color:#ff5630}      ""product_id"": 71,{color}
{color:#ff5630}      ""name"": ""Shoes"",{color}
{color:#ff5630}      ""subtotal"": ""18.00"",{color}
{color:#ff5630}      ""total"": ""18.00"",{color}
{color:#ff5630}      ""quantity"": 1{color}
{color:#ff5630}    },{color}
{color:#ff5630}    {{color}
{color:#ff5630}      ""product_id"": 79,{color}
{color:#ff5630}      ""name"": ""Hat"",{color}
{color:#ff5630}      ""subtotal"": ""12.00"",{color}
{color:#ff5630}      ""total"": ""12.00"",{color}
{color:#ff5630}      ""quantity"": 1{color}
{color:#ff5630}    }{color}
{color:#ff5630}]{color}
Below is the Payment Key Values. 
""{color:#ff5630}payment_method"": ""cash"",{color}
  ""payment_method_title"": ""POS-CASH"",
  ""set_paid"": true,
  ""wps_cart_points"": """",
{color:#ff5630}  ""status"": ""completed"",{color}"	01/Apr/25 11:13 AM;5b4351534649a35be6ef91a6;We can discuss today	"08/Apr/25 9:48 AM;557058:5d279c32-8b06-4d12-a396-a9e2aba109aa;Is this API ready ? [~accountid:60bddaed624d7000692f9f97] 

BY EOD - 08-Apr-25"	"08/Apr/25 2:24 PM;557058:5d279c32-8b06-4d12-a396-a9e2aba109aa;[~accountid:5b4351534649a35be6ef91a6]  Created an API to create an order only once there is no update order API.

Pending subtask 

# How to apply coupons and discounts on order 
# How to add product items in order ?
## is it only once or
## every item call the update order API? 
## then retrieval API of order list is also required
# Order Id generation before payment( Cash) for now

[~accountid:60bddaed624d7000692f9f97] Based on above we can plan next sprint task



Update!

Orders API changes proposed for next sprint 5 as below: 

# Create - Done
# Get Orders
# Update Order
# Delete

Please close this task and add sub task for above - [~accountid:5b4351534649a35be6ef91a6] "				10143	API Development	Done	08-04-2025 17:11
Fast key API	SCRUM-81	10243	Task	Done	SCRUM	My Scrum Project	software	Pinaka Pos	712020:5baa67ab-2f39-469a-8a50-a6769738f474		Medium	Done	Kumaraswamy D	60bddaed624d7000692f9f97	Ranjeet Chirutkar	557058:5d279c32-8b06-4d12-a396-a9e2aba109aa	Ranjeet Chirutkar	557058:5d279c32-8b06-4d12-a396-a9e2aba109aa	13-03-2025 17:19	09-04-2025 14:52	09-04-2025 14:45	08-04-2025 16:56		0	"|Params
# fastkey_id
# user_id
# fastkey_title
# fastkey_image
# fastkey_item_count
# fastkey_index
functions:
insert , delete , update
\\
FastkeyProduct View/Table
product_id
fastkey_id
\\
insert, update, delete
Update ! [~accountid:60bddaed624d7000692f9f97] 
API requried:
List for
/fastkey - to get list of fast key tabs
/fastkey/<fastkey_id> - to get list of products in fastkey_id 
Insert for
/fastkey/<fastkey_index> Post to insert product item into fastkey_index
Delete for 
# product items in fast key tab
# fast key tab 
Update for fast key tab details like image and title|
| |"		Kumaraswamy D	Pinaka Pos	Ranjeet Chirutkar	60bddaed624d7000692f9f97	712020:5baa67ab-2f39-469a-8a50-a6769738f474	557058:5d279c32-8b06-4d12-a396-a9e2aba109aa											SCRUM-70					SCRUM-116																				0|i000fz:			Pinaka Sprint 4										10:35.8	10000_*:*_1_*:*_1122602291_*|*_10001_*:*_1_*:*_0	"24/Mar/25 9:40 PM;60bddaed624d7000692f9f97;Hi [~accountid:557058:5d279c32-8b06-4d12-a396-a9e2aba109aa],
Fastkey API Request:

curl --location '[https://pinakapos.techkumard.com/wp-json/pinaka-pos/v1/fastkeys/create'|https://pinakapos.techkumard.com/wp-json/pinaka-pos/v1/fastkeys/create'] \
--header 'Content-Type: application/json' \
--header 'Authorization: Bearer eyJ0eXAiOiJKV1QiLCJhbGciOiJIUzI1NiJ9.eyJpc3MiOiJodHRwczpcL1wvcGluYWthcG9zLnRlY2hrdW1hcmQuY29tIiwiaWF0IjoxNzQyODI5NTcyLCJuYmYiOjE3NDI4Mjk1NzIsImV4cCI6MTc0NTQyMTU3MiwiZGF0YSI6eyJ1c2VyIjp7ImlkIjoyLCJkZXZpY2UiOiIiLCJwYXNzIjoiYmQ0MGE2OTJkZWY4OTc2YmIxZjdmNzZhOTYzMTRlMDUifX19.a9OtPQWUfHee5EJPCEq9FbHkK4req2q2lqOGHtFo1DE' \
--data '{
   ""employee_name"": ""John Doe"",
   ""user_id"": 45,
   ""fastkeys"": [
      {
         ""product_id"": 32,
         ""fastkey_id"": 1
      },
      {
         ""product_id"": 28,
         ""fastkey_id"": 2
      }
   ]
}'

Response: 



{noformat}{
    ""message"": ""FastKeys Created/Updated Successfully"",
    ""fastkeys"": [
        {
            ""product_id"": 32,
            ""name"": ""Hat"",
            ""price"": ""12"",
            ""image"": ""https://pinakapos.techkumard.com/wp-content/uploads/2025/03/167113811-0be977aa-edfe-4a09-b36d-a62f02de4a29.jpeg"",
            ""category"": [
                ""Accessories""
            ],
            ""fastkey_id"": 1
        },
        {
            ""product_id"": 28,
            ""name"": ""Jacket"",
            ""price"": ""25"",
            ""image"": ""https://pinakapos.techkumard.com/wp-content/uploads/2025/03/167113817-0fd3751e-b81b-4def-be53-040d8fa049f2.jpeg"",
            ""category"": [
                ""Jackets""
            ],
            ""fastkey_id"": 2
        }
    ]
}{noformat}"	"24/Mar/25 9:47 PM;60bddaed624d7000692f9f97;Fastkeys by User ID: 
API Request:

curl --location '[https://pinakapos.techkumard.com/wp-json/pinaka-pos/v1/fastkeys/get-by-user/2'|https://pinakapos.techkumard.com/wp-json/pinaka-pos/v1/fastkeys/get-by-user/2'] \
--header 'Authorization: Bearer eyJ0eXAiOiJKV1QiLCJhbGciOiJIUzI1NiJ9.eyJpc3MiOiJodHRwOlwvXC9sb2NhbGhvc3RcL3BpbmFrYSIsImlhdCI6MTc0MDU2MTMxMiwibmJmIjoxNzQwNTYxMzEyLCJleHAiOjE3NDMxNTMzMTIsImRhdGEiOnsidXNlciI6eyJpZCI6MiwiZGV2aWNlIjoiIiwicGFzcyI6IjhhNzdiOWNjOGM3YzVmYTM4ODA0ZTkxZDQ3N2E5NjBjIn19fQ.PEvIFB_tEU2DC0JU1GLcH0VzecQScN8IQxaIfOM_3_M'

API Response: 



{noformat}{
    ""user_id"": ""2"",
    ""fastkeys"": [
        {
            ""product_id"": 32,
            ""name"": ""Hat"",
            ""price"": ""12"",
            ""image"": ""https://pinakapos.techkumard.com/wp-content/uploads/2025/03/167113811-0be977aa-edfe-4a09-b36d-a62f02de4a29.jpeg"",
            ""category"": [
                ""Accessories""
            ],
            ""fastkey_id"": 1
        },
        {
            ""product_id"": 28,
            ""name"": ""Jacket"",
            ""price"": ""25"",
            ""image"": ""https://pinakapos.techkumard.com/wp-content/uploads/2025/03/167113817-0fd3751e-b81b-4def-be53-040d8fa049f2.jpeg"",
            ""category"": [
                ""Jackets""
            ],
            ""fastkey_id"": 2
        }
    ]
}{noformat}


"	"25/Mar/25 12:36 PM;557058:5d279c32-8b06-4d12-a396-a9e2aba109aa;{{https://pinakapos.techkumard.com/wp-content/uploads/2025/03/167113811-0be977aa-edfe-4a09-b36d-a62f02de4a29.jpeg}}

<Base_URL><Component><End_URL>"	"25/Mar/25 12:37 PM;557058:5d279c32-8b06-4d12-a396-a9e2aba109aa;[~accountid:60bddaed624d7000692f9f97] please create a fastkey table as per description above

the below payload can be used for fastkey product itmes "	"31/Mar/25 9:36 PM;60bddaed624d7000692f9f97;[~accountid:557058:5d279c32-8b06-4d12-a396-a9e2aba109aa], i have updated the fast keys. Please have a look."	01/Apr/25 8:59 AM;557058:5d279c32-8b06-4d12-a396-a9e2aba109aa;[~accountid:60bddaed624d7000692f9f97]please mention which API are updated? 	"01/Apr/25 9:51 AM;60bddaed624d7000692f9f97;[~accountid:557058:5d279c32-8b06-4d12-a396-a9e2aba109aa]  

# Create Fast Key
# Add products In Fast Key
# Get Fast Key By User Id
# Get Fast key with Fast Key Id
Above Api are changed.

In this, Payload Keys and Response keys have changed.
"	"08/Apr/25 2:01 PM;557058:5d279c32-8b06-4d12-a396-a9e2aba109aa;Now only pending API’s

# Update fast key  
{adf:display=block}
{""type"":""taskList"",""content"":[{""type"":""taskItem"",""content"":[{""type"":""inlineCard"",""attrs"":{""url"":""https://pinakapos.atlassian.net/browse/SCRUM-116""}},{""type"":""text"",""text"":"" ""}],""attrs"":{""localId"":""a2614307-66c6-499a-8e54-af19d9ae7518"",""state"":""TODO""}}],""attrs"":{""localId"":""09df64c8-f468-4bd8-81fa-fba374ce7917""}}
{adf}
# Delete Fast key
{adf:display=block}
{""type"":""taskList"",""content"":[{""type"":""taskItem"",""content"":[{""type"":""inlineCard"",""attrs"":{""url"":""https://pinakapos.atlassian.net/browse/SCRUM-117""}},{""type"":""text"",""text"":"" ""}],""attrs"":{""localId"":""fd9e36e8-1add-4d2a-9f26-d705bea5f431"",""state"":""TODO""}}],""attrs"":{""localId"":""2dcd69cd-3ae4-45b8-96b0-d9c6cfe6ac1a""}}
{adf}
# Delete product items in fast key tab
{adf:display=block}
{""type"":""taskList"",""content"":[{""type"":""taskItem"",""content"":[{""type"":""inlineCard"",""attrs"":{""url"":""https://pinakapos.atlassian.net/browse/SCRUM-119""}},{""type"":""text"",""text"":"" ""}],""attrs"":{""localId"":""9aca8476-5a82-4a47-ba93-94a1a866cd7b"",""state"":""TODO""}}],""attrs"":{""localId"":""27116bd9-27c4-40be-9817-a64592149238""}}
{adf}
# Reordering product items in fast key tab
{adf:display=block}
{""type"":""taskList"",""content"":[{""type"":""taskItem"",""content"":[{""type"":""inlineCard"",""attrs"":{""url"":""https://pinakapos.atlassian.net/browse/SCRUM-118""}},{""type"":""text"",""text"":"" ""}],""attrs"":{""localId"":""84724542-566b-4dcc-95ab-847d7d602156"",""state"":""TODO""}}],""attrs"":{""localId"":""07c3ad4a-253c-4dcf-841d-ced74cdbf36e""}}
{adf}

We will create separate task in new sprint 5 "			10143	API Development	Done	08-04-2025 16:56
Product API	SCRUM-80	10242	Task	Done	SCRUM	My Scrum Project	software	Pinaka Pos	712020:5baa67ab-2f39-469a-8a50-a6769738f474		Medium	Done	Kumaraswamy D	60bddaed624d7000692f9f97	Ranjeet Chirutkar	557058:5d279c32-8b06-4d12-a396-a9e2aba109aa	Ranjeet Chirutkar	557058:5d279c32-8b06-4d12-a396-a9e2aba109aa	13-03-2025 17:19	08-04-2025 17:02	09-04-2025 15:22	08-04-2025 17:02		0	"# search by product item only ( sku or item name )
# Result should be only product item not any category or other fields, also exclude variants from the search results
# Global and fast key item search should only target for product search"		Kumaraswamy D	Ranjeet Chirutkar	Shravan Bele	60bddaed624d7000692f9f97	557058:5d279c32-8b06-4d12-a396-a9e2aba109aa	5b4351534649a35be6ef91a6										SCRUM-87	SCRUM-70																									0|i000fr:			Pinaka Sprint 4										34:39.5	10000_*:*_1_*:*_1016854445_*|*_10001_*:*_1_*:*_0	"24/Mar/25 9:04 PM;60bddaed624d7000692f9f97;Hi [~accountid:557058:5d279c32-8b06-4d12-a396-a9e2aba109aa], Please have a look at the product search API. Below is the Request
curl --location '[https://pinakapos.techkumard.com/wp-json/pinaka-pos/v1/products?search=hat'|https://pinakapos.techkumard.com/wp-json/pinaka-pos/v1/products?search=hat'] \
--header 'Authorization: Bearer eyJ0eXAiOiJKV1QiLCJhbGciOiJIUzI1NiJ9.eyJpc3MiOiJodHRwczpcL1wvcGluYWthcG9zLnRlY2hrdW1hcmQuY29tIiwiaWF0IjoxNzQyODI5NTcyLCJuYmYiOjE3NDI4Mjk1NzIsImV4cCI6MTc0NTQyMTU3MiwiZGF0YSI6eyJ1c2VyIjp7ImlkIjoyLCJkZXZpY2UiOiIiLCJwYXNzIjoiYmQ0MGE2OTJkZWY4OTc2YmIxZjdmNzZhOTYzMTRlMDUifX19.a9OtPQWUfHee5EJPCEq9FbHkK4req2q2lqOGHtFo1DE' 

Below is the Response 



{noformat}[
    {
        ""id"": 32,
        ""name"": ""Hat"",
        ""slug"": ""hat"",
        ""date_created"": ""2025-03-20T11:54:11"",
        ""date_modified"": ""2025-03-20T11:54:11"",
        ""status"": ""publish"",
        ""description"": ""<p>Pellentesque habitant morbi tristique senectus et netus et malesuada fames ac turpis egestas. Vestibulum tortor quam, feugiat vitae, ultricies eget, tempor sit amet, ante. Donec eu libero sit amet quam egestas semper. Aenean ultricies mi vitae est. Mauris placerat eleifend leo.</p>\n<p>Photography by @cottonbro.</p>\n"",
        ""short_description"": ""<p>This is a simple product.</p>\n"",
        ""sku"": ""woo-fashion-hat"",
        ""price"": ""12"",
        ""regular_price"": ""12"",
        ""sale_price"": """",
        ""date_on_sale_from"": null,
        ""date_on_sale_to"": null,
        ""on_sale"": false,
        ""purchasable"": true,
        ""stock_quantity"": null,
        ""stock_status"": ""instock"",
        ""backorders"": ""no"",
        ""backorders_allowed"": false,
        ""low_stock_amount"": """",
        ""weight"": """",
        ""dimensions"": {
            ""length"": """",
            ""width"": """",
            ""height"": """"
        },
        ""categories"": [
            ""Accessories""
        ],
        ""tags"": [],
        ""images"": [
            ""https://pinakapos.techkumard.com/wp-content/uploads/2025/03/167113811-0be977aa-edfe-4a09-b36d-a62f02de4a29.jpeg""
        ],
        ""attributes"": [],
        ""meta_data"": [
            {
                ""id"": 215,
                ""key"": ""_wpcom_is_markdown"",
                ""value"": ""1""
            }
        ],
        ""permalink"": ""https://pinakapos.techkumard.com/product/hat/""
    }
]{noformat}"	"24/Mar/25 9:51 PM;60bddaed624d7000692f9f97;Products with Pagination
API Request:

curl --location '[https://pinakapos.techkumard.com/wp-json/pinaka-pos/v1/products?%3Fpage=1&limit=5'|https://pinakapos.techkumard.com/wp-json/pinaka-pos/v1/products?%3Fpage=1&limit=5'] \
--header 'Authorization: Bearer eyJ0eXAiOiJKV1QiLCJhbGciOiJIUzI1NiJ9.eyJpc3MiOiJodHRwczpcL1wvcGluYWthcG9zLnRlY2hrdW1hcmQuY29tIiwiaWF0IjoxNzQyODI5NTcyLCJuYmYiOjE3NDI4Mjk1NzIsImV4cCI6MTc0NTQyMTU3MiwiZGF0YSI6eyJ1c2VyIjp7ImlkIjoyLCJkZXZpY2UiOiIiLCJwYXNzIjoiYmQ0MGE2OTJkZWY4OTc2YmIxZjdmNzZhOTYzMTRlMDUifX19.a9OtPQWUfHee5EJPCEq9FbHkK4req2q2lqOGHtFo1DE'

API Response: 



{noformat}[
    {
        ""id"": 32,
        ""name"": ""Hat"",
        ""slug"": ""hat"",
        ""date_created"": ""2025-03-20T11:54:11"",
        ""date_modified"": ""2025-03-20T11:54:11"",
        ""status"": ""publish"",
        ""description"": ""<p>Pellentesque habitant morbi tristique senectus et netus et malesuada fames ac turpis egestas. Vestibulum tortor quam, feugiat vitae, ultricies eget, tempor sit amet, ante. Donec eu libero sit amet quam egestas semper. Aenean ultricies mi vitae est. Mauris placerat eleifend leo.</p>\n<p>Photography by @cottonbro.</p>\n"",
        ""short_description"": ""<p>This is a simple product.</p>\n"",
        ""sku"": ""woo-fashion-hat"",
        ""price"": ""12"",
        ""regular_price"": ""12"",
        ""sale_price"": """",
        ""date_on_sale_from"": null,
        ""date_on_sale_to"": null,
        ""on_sale"": false,
        ""purchasable"": true,
        ""stock_quantity"": null,
        ""stock_status"": ""instock"",
        ""backorders"": ""no"",
        ""backorders_allowed"": false,
        ""low_stock_amount"": """",
        ""weight"": """",
        ""dimensions"": {
            ""length"": """",
            ""width"": """",
            ""height"": """"
        },
        ""categories"": [
            ""Accessories""
        ],
        ""tags"": [],
        ""images"": [
            ""https://pinakapos.techkumard.com/wp-content/uploads/2025/03/167113811-0be977aa-edfe-4a09-b36d-a62f02de4a29.jpeg""
        ],
        ""attributes"": [],
        ""meta_data"": [
            {
                ""id"": 215,
                ""key"": ""_wpcom_is_markdown"",
                ""value"": ""1""
            }
        ],
        ""permalink"": ""https://pinakapos.techkumard.com/product/hat/""
    },
    {
        ""id"": 28,
        ""name"": ""Jacket"",
        ""slug"": ""jacket"",
        ""date_created"": ""2025-03-20T11:54:10"",
        ""date_modified"": ""2025-03-20T11:54:10"",
        ""status"": ""publish"",
        ""description"": ""<p>Pellentesque habitant morbi tristique senectus et netus et malesuada fames ac turpis egestas. Vestibulum tortor quam, feugiat vitae, ultricies eget, tempor sit amet, ante. Donec eu libero sit amet quam egestas semper. Aenean ultricies mi vitae est. Mauris placerat eleifend leo.</p>\n<p>Photography by @cottonbro.</p>\n"",
        ""short_description"": ""<p>This is a simple product.</p>\n"",
        ""sku"": ""woo-fashion-jacket"",
        ""price"": ""25"",
        ""regular_price"": ""25"",
        ""sale_price"": """",
        ""date_on_sale_from"": null,
        ""date_on_sale_to"": null,
        ""on_sale"": false,
        ""purchasable"": true,
        ""stock_quantity"": null,
        ""stock_status"": ""instock"",
        ""backorders"": ""no"",
        ""backorders_allowed"": false,
        ""low_stock_amount"": """",
        ""weight"": """",
        ""dimensions"": {
            ""length"": """",
            ""width"": """",
            ""height"": """"
        },
        ""categories"": [
            ""Jackets""
        ],
        ""tags"": [],
        ""images"": [
            ""https://pinakapos.techkumard.com/wp-content/uploads/2025/03/167113817-0fd3751e-b81b-4def-be53-040d8fa049f2.jpeg""
        ],
        ""attributes"": [],
        ""meta_data"": [
            {
                ""id"": 168,
                ""key"": ""_wpcom_is_markdown"",
                ""value"": ""1""
            }
        ],
        ""permalink"": ""https://pinakapos.techkumard.com/product/jacket/""
    },
    {
        ""id"": 30,
        ""name"": ""Shirt - Green"",
        ""slug"": ""shirt-green"",
        ""date_created"": ""2025-03-20T11:54:10"",
        ""date_modified"": ""2025-03-20T11:54:10"",
        ""status"": ""publish"",
        ""description"": ""<p>Pellentesque habitant morbi tristique senectus et netus et malesuada fames ac turpis egestas. Vestibulum tortor quam, feugiat vitae, ultricies eget, tempor sit amet, ante. Donec eu libero sit amet quam egestas semper. Aenean ultricies mi vitae est. Mauris placerat eleifend leo.</p>\n<p>Photography by @cottonbro.</p>\n"",
        ""short_description"": ""<p>This is a simple product.</p>\n"",
        ""sku"": ""woo-fashion-shirt-green"",
        ""price"": ""20"",
        ""regular_price"": ""25"",
        ""sale_price"": ""20"",
        ""date_on_sale_from"": null,
        ""date_on_sale_to"": null,
        ""on_sale"": true,
        ""purchasable"": true,
        ""stock_quantity"": null,
        ""stock_status"": ""instock"",
        ""backorders"": ""no"",
        ""backorders_allowed"": false,
        ""low_stock_amount"": """",
        ""weight"": """",
        ""dimensions"": {
            ""length"": """",
            ""width"": """",
            ""height"": """"
        },
        ""categories"": [
            ""Shirts""
        ],
        ""tags"": [],
        ""images"": [
            ""https://pinakapos.techkumard.com/wp-content/uploads/2025/03/167113801-fd8243b7-8465-4f82-86c1-2c54797fe296.jpeg""
        ],
        ""attributes"": [],
        ""meta_data"": [
            {
                ""id"": 192,
                ""key"": ""_wpcom_is_markdown"",
                ""value"": ""1""
            }
        ],
        ""permalink"": ""https://pinakapos.techkumard.com/product/shirt-green/""
    },
    {
        ""id"": 24,
        ""name"": ""Shoes"",
        ""slug"": ""shoes"",
        ""date_created"": ""2025-03-20T11:54:09"",
        ""date_modified"": ""2025-03-20T11:54:09"",
        ""status"": ""publish"",
        ""description"": ""<p>Pellentesque habitant morbi tristique senectus et netus et malesuada fames ac turpis egestas. Vestibulum tortor quam, feugiat vitae, ultricies eget, tempor sit amet, ante. Donec eu libero sit amet quam egestas semper. Aenean ultricies mi vitae est. Mauris placerat eleifend leo.</p>\n<p>Photography by @cottonbro.</p>\n"",
        ""short_description"": ""<p>This is a simple product.</p>\n"",
        ""sku"": ""woo-fashion-shoes"",
        ""price"": ""18"",
        ""regular_price"": ""18"",
        ""sale_price"": """",
        ""date_on_sale_from"": null,
        ""date_on_sale_to"": null,
        ""on_sale"": false,
        ""purchasable"": true,
        ""stock_quantity"": 5,
        ""stock_status"": ""instock"",
        ""backorders"": ""no"",
        ""backorders_allowed"": false,
        ""low_stock_amount"": """",
        ""weight"": """",
        ""dimensions"": {
            ""length"": """",
            ""width"": """",
            ""height"": """"
        },
        ""categories"": [
            ""Accessories""
        ],
        ""tags"": [],
        ""images"": [
            ""https://pinakapos.techkumard.com/wp-content/uploads/2025/03/167113861-531ebbcd-f9b5-4c18-b5c7-a878d5017ca2.jpeg""
        ],
        ""attributes"": [],
        ""meta_data"": [
            {
                ""id"": 122,
                ""key"": ""_wpcom_is_markdown"",
                ""value"": ""1""
            }
        ],
        ""permalink"": ""https://pinakapos.techkumard.com/product/shoes/""
    },
    {
        ""id"": 26,
        ""name"": ""Shirt - Cream"",
        ""slug"": ""shirt-cream"",
        ""date_created"": ""2025-03-20T11:54:09"",
        ""date_modified"": ""2025-03-20T11:54:09"",
        ""status"": ""publish"",
        ""description"": ""<p>Pellentesque habitant morbi tristique senectus et netus et malesuada fames ac turpis egestas. Vestibulum tortor quam, feugiat vitae, ultricies eget, tempor sit amet, ante. Donec eu libero sit amet quam egestas semper. Aenean ultricies mi vitae est. Mauris placerat eleifend leo.</p>\n<p>Photography by @cottonbro.</p>\n"",
        ""short_description"": ""<p>This is a simple product.</p>\n"",
        ""sku"": ""woo-fashion-shirt-cream"",
        ""price"": ""25"",
        ""regular_price"": ""25"",
        ""sale_price"": """",
        ""date_on_sale_from"": null,
        ""date_on_sale_to"": null,
        ""on_sale"": false,
        ""purchasable"": true,
        ""stock_quantity"": 5,
        ""stock_status"": ""instock"",
        ""backorders"": ""no"",
        ""backorders_allowed"": false,
        ""low_stock_amount"": """",
        ""weight"": """",
        ""dimensions"": {
            ""length"": """",
            ""width"": """",
            ""height"": """"
        },
        ""categories"": [
            ""Shirts""
        ],
        ""tags"": [],
        ""images"": [
            ""https://pinakapos.techkumard.com/wp-content/uploads/2025/03/167113864-14d59cf5-1233-4053-8193-070413ea3434.jpeg""
        ],
        ""attributes"": [],
        ""meta_data"": [
            {
                ""id"": 145,
                ""key"": ""_wpcom_is_markdown"",
                ""value"": ""1""
            }
        ],
        ""permalink"": ""https://pinakapos.techkumard.com/product/shirt-cream/""
    }
]{noformat}"	"25/Mar/25 11:47 AM;557058:5d279c32-8b06-4d12-a396-a9e2aba109aa;[~accountid:5b4351534649a35be6ef91a6]  

# which price should be considered ( regular price, sales price, price)?
## Regular price - show at product and order both
# {{images}} contain multiple images array, how to show it?
## Show only one from the top image for now
## [~accountid:60bddaed624d7000692f9f97] send only end url after upload for eg “2025/03/167113861-531ebbcd-f9b5-4c18-b5c7-a878d5017ca2.jpeg“
# Stock ( out / in )
## stock_status - no need to consider for the app
# {{In app we will consider these parameters {""id"": 28,""name"": ""Jacket"", ""slug"": ""jacket"",""description"": ""<p>Pellentesque habitant morbi tristique senectus et netus et malesuada fames ac turpis egestas. Vestibulum tortor quam, feugiat vitae, ultricies eget, tempor sit amet, ante. Donec eu libero sit amet quam egestas semper. Aenean ultricies mi vitae est. Mauris placerat eleifend leo.</p>\n<p>Photography by @cottonbro.</p>\n"",         ""short_description"": ""<p>This is a simple product.</p>\n"",         ""sku"": ""woo-fashion-hat"",}}}
# Show only product for now when searched with SKU or Name, Add it into product (order / Fask Key)
## Show list of variants in a product selection from fast key or categories
## Variants is a diff sizes "	"25/Mar/25 12:26 PM;557058:5d279c32-8b06-4d12-a396-a9e2aba109aa;[~accountid:60bddaed624d7000692f9f97] after testing search API

# did search the product 
## using name 
## not using sku
# we can pass page and limit, good
"	"27/Mar/25 12:14 PM;557058:5d279c32-8b06-4d12-a396-a9e2aba109aa;[~accountid:60bddaed624d7000692f9f97] [~accountid:5b4351534649a35be6ef91a6] 

do we need to show currency in UI?

if yes, please do send the currency parameters as well."	27/Mar/25 1:08 PM;5b4351534649a35be6ef91a6;[~accountid:557058:5d279c32-8b06-4d12-a396-a9e2aba109aa] yes we need to show currency in UI	08/Apr/25 1:22 PM;557058:5d279c32-8b06-4d12-a396-a9e2aba109aa;[~accountid:60bddaed624d7000692f9f97] could you please update currency parameter in response payload?	"08/Apr/25 2:17 PM;557058:5d279c32-8b06-4d12-a396-a9e2aba109aa;In Search product api 

# are we gone get variants ?
# if yes please share the payload

[~accountid:5b4351534649a35be6ef91a6] please update the details on this."	"08/Apr/25 5:01 PM;557058:5d279c32-8b06-4d12-a396-a9e2aba109aa;Closing today

Add complete requirements into confluence and update in this ticket 

If required we can add new sub task and start working on those.

Are we planning on product search API with variants ? No

Keep it as a backlog for now. - [~accountid:5b4351534649a35be6ef91a6] "		10143	API Development	Done	08-04-2025 17:02
Category screen changes	SCRUM-75	10151	Story	In Progress	SCRUM	My Scrum Project	software	Pinaka Pos	712020:5baa67ab-2f39-469a-8a50-a6769738f474		Medium		Shravan Bele	5b4351534649a35be6ef91a6	Ranjeet Chirutkar	557058:5d279c32-8b06-4d12-a396-a9e2aba109aa	Ranjeet Chirutkar	557058:5d279c32-8b06-4d12-a396-a9e2aba109aa	05-03-2025 12:45	09-04-2025 13:23	09-04-2025 15:28			0	"Please provide a new changes in category screen with mockups.

[~accountid:5b4351534649a35be6ef91a6] Let me know if you need any discussion.

Update!

New design is shared in figma as below link:

[https://www.figma.com/design/U5SzHwG5IFmxBbxO7UuACs/PINAKA-REDESIGN?node-id=0-1&t=1ffn05uGq1sj9A3p-1|https://www.figma.com/design/U5SzHwG5IFmxBbxO7UuACs/PINAKA-REDESIGN?node-id=0-1&t=1ffn05uGq1sj9A3p-1|smart-link] "		Ranjeet Chirutkar			557058:5d279c32-8b06-4d12-a396-a9e2aba109aa																			06/Mar/25 10:38 AM;7d6b2273-55ac-47ee-8444-6ad81d894be4;image-20250306-050348.png;https://pinakapos.atlassian.net/rest/api/3/attachment/content/10110	06/Mar/25 10:38 AM;7d6b2273-55ac-47ee-8444-6ad81d894be4;image-20250306-050715.png;https://pinakapos.atlassian.net/rest/api/3/attachment/content/10109	06/Mar/25 10:38 AM;7d6b2273-55ac-47ee-8444-6ad81d894be4;image-20250306-050743.png;https://pinakapos.atlassian.net/rest/api/3/attachment/content/10108												purple					0|i000dr:			Pinaka Sprint 4												"06/Mar/25 9:38 AM;557058:5d279c32-8b06-4d12-a396-a9e2aba109aa;We need to onboard a UI developer for the screen development. Lets park it for now.

[~accountid:557058:5d279c32-8b06-4d12-a396-a9e2aba109aa]  will share 3 screenshots 

# fast key with sub items
# category screen current 
# default fast key screen without sub items"	"06/Mar/25 10:38 AM;557058:5d279c32-8b06-4d12-a396-a9e2aba109aa;# fast key with sub items

!image-20250306-050715.png|width=1600,height=900,alt=""image-20250306-050715.png""!

# Categories screen

!image-20250306-050348.png|width=1920,height=1080,alt=""image-20250306-050348.png""!

# default fast key screen without sub items

!image-20250306-050743.png|width=1600,height=900,alt=""image-20250306-050743.png""!"	"18/Mar/25 9:57 AM;557058:5d279c32-8b06-4d12-a396-a9e2aba109aa;Need New screen as discussed, moving to new sprint."	08/Apr/25 9:29 AM;557058:5d279c32-8b06-4d12-a396-a9e2aba109aa;Sharing new screen today - [~accountid:5b4351534649a35be6ef91a6] 	"08/Apr/25 5:22 PM;557058:5d279c32-8b06-4d12-a396-a9e2aba109aa;[~accountid:5b4351534649a35be6ef91a6]  please make a note of following 

# Add fast key popup
# Add Fast key product popup
# Theme color changes
# +- buttons are small on variants popup"						10001	UI Development	In Progress	06-03-2025 09:42
Auth API integration	SCRUM-74	10150	Story	Done	SCRUM	My Scrum Project	software	Pinaka Pos	712020:5baa67ab-2f39-469a-8a50-a6769738f474		Medium	Done	Ranjeet Chirutkar	557058:5d279c32-8b06-4d12-a396-a9e2aba109aa	Ranjeet Chirutkar	557058:5d279c32-8b06-4d12-a396-a9e2aba109aa	Ranjeet Chirutkar	557058:5d279c32-8b06-4d12-a396-a9e2aba109aa	05-03-2025 12:42	04-04-2025 13:24	09-04-2025 12:12	04-04-2025 13:24		0	Integrate Login API into flutter app		Ranjeet Chirutkar			557058:5d279c32-8b06-4d12-a396-a9e2aba109aa											SCRUM-85																						purple					0|i000dv:			Pinaka Sprint 4											10000_*:*_1_*:*_1726602542_*|*_10001_*:*_1_*:*_0	25/Mar/25 12:20 PM;557058:5d279c32-8b06-4d12-a396-a9e2aba109aa;Starting updating api chagnes shared by [~accountid:60bddaed624d7000692f9f97] in [https://pinakapos.atlassian.net/browse/SCRUM-85|https://pinakapos.atlassian.net/browse/SCRUM-85|smart-link] and [https://pinakapos.atlassian.net/browse/SCRUM-68|https://pinakapos.atlassian.net/browse/SCRUM-68|smart-link]										10002	Service integration	Done	04-04-2025 13:24
Woo Commerce integration REST API	SCRUM-70	10146	Story	In Progress	SCRUM	My Scrum Project	software	Pinaka Pos	712020:5baa67ab-2f39-469a-8a50-a6769738f474		Medium		Kumaraswamy D	60bddaed624d7000692f9f97	Ranjeet Chirutkar	557058:5d279c32-8b06-4d12-a396-a9e2aba109aa	Ranjeet Chirutkar	557058:5d279c32-8b06-4d12-a396-a9e2aba109aa	05-03-2025 12:38	26-03-2025 17:10	09-04-2025 12:22			0	"{{Expose WooCommerce products, categories, orders, and tax data via API.}}"		Ranjeet Chirutkar			557058:5d279c32-8b06-4d12-a396-a9e2aba109aa														SCRUM-80	SCRUM-81	SCRUM-82	SCRUM-83																purple					0|i000fd:			Pinaka Sprint 4												18/Mar/25 11:11 AM;557058:5d279c32-8b06-4d12-a396-a9e2aba109aa;[~accountid:60bddaed624d7000692f9f97] please add more linked issues if required										10143	API Development	In Progress	26-03-2025 17:10
UI Components 	SCRUM-13	10012	Story	Done	SCRUM	My Scrum Project	software	Pinaka Pos	712020:5baa67ab-2f39-469a-8a50-a6769738f474		Medium	Done	Ranjeet Chirutkar	557058:5d279c32-8b06-4d12-a396-a9e2aba109aa	Ranjeet Chirutkar	557058:5d279c32-8b06-4d12-a396-a9e2aba109aa	Ranjeet Chirutkar	557058:5d279c32-8b06-4d12-a396-a9e2aba109aa	16-01-2025 15:25	05-04-2025 11:47	09-04-2025 12:11	04-04-2025 13:27		0	"# {{Material UI}}
# {{Floating Buttons}}
# {{Buttons ( Image / system )}}
# {{Slider buttons}}
# {{Search box}}
# {{Drop down}}
# {{Text Box}}
# {{GridsLayout}}
# {{Expanded items}}
# {{Lists}}
# {{Carousal vertical / horizontal with left and right navigation}}
# {{DatePicker (MM / dd / yyyy)}}
# {{Tabs}}
# {{Navigation Bar}}
# {{Dialogs ( alert/ warning)}}
# {{PDF Viewer}}
# {{Icons and logos}}
# {{Images}}
# {{Menu bar}}
# {{CardsLayouts}}
# {{Theme and colors}}
# {{Stacks and containers}}
# {{Animations ( hero )}}
# {{Loading Components}}
# {{UIFonts and types}}
# {{Labels and tags}}
# {{Hex Color Converter}}
# {{Multiple Image Picker with Add and Remove image}}
# {{DataTable Utility}}
# {{LazyLoading or Infinite Loading}}
# {{Barcode Generator/ Doc }}
# {{UISorting and Filters on Lists / grids}}"		Ranjeet Chirutkar			557058:5d279c32-8b06-4d12-a396-a9e2aba109aa																			06/Mar/25 11:09 AM;7d6b2273-55ac-47ee-8444-6ad81d894be4;Frame 110.png;https://pinakapos.atlassian.net/rest/api/3/attachment/content/10113																			0|i000e0:			Pinaka Sprint 4											10000_*:*_1_*:*_2748582379_*|*_10001_*:*_1_*:*_0	"06/Mar/25 11:06 AM;557058:5d279c32-8b06-4d12-a396-a9e2aba109aa;Creating range filter and sorting widget for table , list and grid

[~accountid:557058:5d279c32-8b06-4d12-a396-a9e2aba109aa]  attach the screen shot 

Creating list of chips, to contain filters.

!Frame 110.png|width=610,height=84,alt=""Frame 110.png""!"	"13/Mar/25 5:09 PM;557058:5d279c32-8b06-4d12-a396-a9e2aba109aa;Implement date filters for orders screen, next sprint 4"	"04/Apr/25 1:27 PM;557058:5d279c32-8b06-4d12-a396-a9e2aba109aa;Implemented 

# Search Text Field  and search results panels
# Swipe button for shift close
# Snack bar / toast widget"								10001	UI Development	Done	04-04-2025 13:27
